{
  "title": "",
  "description": "",
  "variables": {
    "backgroundColor": {
      "type": "string",
      "defaultValue": "dark-ocean"
    },
    "illustrationBackground": {
      "type": "string",
      "defaultValue": "https://static.oracle.com/cdn/fnd/gallery/2307.0.2/images/illust-welcome-banner-bg-05.png"
    },
    "illustrationForeground": {
      "type": "string",
      "defaultValue": "https://static.oracle.com/cdn/fnd/gallery/2307.0.2/images/illust-welcome-banner-fg-04.png"
    },
    "imageStretch": {
      "type": "string",
      "defaultValue": "none"
    },
    "mobileImage": {
      "type": "string",
      "defaultValue": "on"
    }
  },
  "metadata": {},
  "types": {},
  "eventListeners": {
    "buttonAction": {
      "chains": [
        {
          "chain": "FireCustomNotificationActionChain",
          "parameters": {
            "message": "Incorrect code may impact your website’s performance.",
            "summary": "Info",
            "position": "top-left"
          }
        }
      ]
    },
    "buttonAction10": {
      "chains": [
        {
          "chain": "FireCustomNotificationActionChain",
          "parameters": {
            "notification_type": "error",
            "summary": "Error",
            "message": "Must include at least 2 uppercase letters"
          }
        }
      ]
    },
    "buttonAction11": {
      "chains": [
        {
          "chain": "FireCustomNotificationActionChain",
          "parameters": {
            "notification_type": "custom",
            "message": "Incorrect code may impact your website's performance",
            "iconColor": "#9b66d6",
            "lineColor": "#8e55c4",
            "backgroundColor": "#fbf6ff",
            "icon": "<span class=\"oj-flex-item oj-sm-12 oj-md-1 oj-ux-ico-artificial-intelligence2\"></span>",
            "summary": "Info"
          }
        }
      ]
    },
    "buttonAction12": {
      "chains": [
        {
          "chain": "FireCustomNotificationActionChain",
          "parameters": {
            "message": "Incorrect code may impact your website’s performance.",
            "summary": "Info",
            "position": "top-left",
            "theme": "dark"
          }
        }
      ]
    },
    "buttonAction13": {
      "chains": [
        {
          "chain": "FireCustomNotificationActionChain",
          "parameters": {
            "message": "Incorrect code may impact your website’s performance.",
            "summary": "Info",
            "position": "top-middle",
            "theme": "dark"
          }
        }
      ]
    },
    "buttonAction14": {
      "chains": [
        {
          "chain": "FireCustomNotificationActionChain",
          "parameters": {
            "message": "Incorrect code may impact your website’s performance.",
            "summary": "Info",
            "position": "top-right",
            "theme": "dark"
          }
        }
      ]
    },
    "buttonAction15": {
      "chains": [
        {
          "chain": "FireCustomNotificationActionChain",
          "parameters": {
            "message": "Incorrect code may impact your website’s performance.",
            "summary": "Info",
            "position": "bottom-left",
            "theme": "dark"
          }
        }
      ]
    },
    "buttonAction16": {
      "chains": [
        {
          "chain": "FireCustomNotificationActionChain",
          "parameters": {
            "message": "Incorrect code may impact your website’s performance.",
            "summary": "Info",
            "position": "bottom-middle",
            "theme": "dark",
            "notification_type": "info"
          }
        }
      ]
    },
    "buttonAction17": {
      "chains": [
        {
          "chain": "FireCustomNotificationActionChain",
          "parameters": {
            "message": "Incorrect code may impact your website’s performance.",
            "summary": "Info",
            "position": "bottom-right",
            "theme": "dark"
          }
        }
      ]
    },
    "buttonAction18": {
      "chains": [
        {
          "chain": "FireCustomNotificationActionChain",
          "parameters": {
            "theme": "dark",
            "notification_type": "info",
            "summary": "Info",
            "message": "Incorrect code may impact your website's performance"
          }
        }
      ]
    },
    "buttonAction19": {
      "chains": [
        {
          "chain": "FireCustomNotificationActionChain",
          "parameters": {
            "theme": "dark",
            "notification_type": "success",
            "summary": "Success",
            "message": "Successfully uploaded!"
          }
        }
      ]
    },
    "buttonAction2": {
      "chains": [
        {
          "chain": "FireCustomNotificationActionChain",
          "parameters": {
            "message": "Incorrect code may impact your website’s performance.",
            "summary": "Info",
            "position": "top-middle"
          }
        }
      ]
    },
    "buttonAction20": {
      "chains": [
        {
          "chain": "FireCustomNotificationActionChain",
          "parameters": {
            "theme": "dark",
            "notification_type": "warning",
            "summary": "Warning",
            "message": "Your password strength is too low"
          }
        }
      ]
    },
    "buttonAction21": {
      "chains": [
        {
          "chain": "FireCustomNotificationActionChain",
          "parameters": {
            "theme": "dark",
            "notification_type": "error",
            "summary": "Error",
            "message": "Must include at least 2 uppercase letters"
          }
        }
      ]
    },
    "buttonAction22": {
      "chains": [
        {
          "chain": "FireCustomNotificationActionChain",
          "parameters": {
            "theme": "dark",
            "notification_type": "custom",
            "display_mode": "presist",
            "iconColor": "#9b66d6",
            "lineColor": "#8e55c4",
            "backgroundColor": "#fbf6ff",
            "icon": "<span class=\"oj-flex-item oj-sm-12 oj-md-1 oj-ux-ico-artificial-intelligence2\"></span>",
            "message": "Incorrect code may impact your website's performance",
            "summary": "Info"
          }
        }
      ]
    },
    "buttonAction23": {
      "chains": [
        {
          "chain": "FireCustomNotificationActionChain",
          "parameters": {
            "summary": "Success",
            "notification_type": "success",
            "message": "Lorem Ipsum is simply dummy text of the printing and typesetting industry. Lorem Ipsum has been the industry's standard dummy text ever since the 1500s, when an unknown printer took a galley of type and scrambled it to make a type specimen book. It has survived not only five centuries, but also the leap into electronic typesetting, remaining essentially unchanged. It was popularised in the 1960s with the release of Letraset sheets containing Lorem Ipsum passages, and more recently with desktop publishing software like Aldus PageMaker including versions of Lorem Ipsum.\n\n",
            "theme": "dark"
          }
        }
      ]
    },
    "buttonAction24": {
      "chains": [
        {
          "chain": "FireCustomNotificationActionChain",
          "parameters": {
            "message": "Lorem Ipsum is simply dummy text of the printing and typesetting industry. Lorem Ipsum has been the industry's standard dummy text ever since the 1500s, when an unknown printer took a galley of type and scrambled it to make a type specimen book. It has survived not only five centuries, but also the leap into electronic typesetting, remaining essentially unchanged. It was popularised in the 1960s with the release of Letraset sheets containing Lorem Ipsum passages, and more recently with desktop publishing software like Aldus PageMaker including versions of Lorem Ipsum.\n",
            "summary": "Success",
            "notification_type": "success"
          }
        }
      ]
    },
    "buttonAction3": {
      "chains": [
        {
          "chain": "FireCustomNotificationActionChain",
          "parameters": {
            "message": "Incorrect code may impact your website’s performance.",
            "summary": "Info",
            "position": "top-right"
          }
        }
      ]
    },
    "buttonAction4": {
      "chains": [
        {
          "chain": "FireCustomNotificationActionChain",
          "parameters": {
            "message": "Incorrect code may impact your website’s performance.",
            "summary": "Info",
            "position": "bottom-left"
          }
        }
      ]
    },
    "buttonAction5": {
      "chains": [
        {
          "chain": "FireCustomNotificationActionChain",
          "parameters": {
            "message": "Incorrect code may impact your website’s performance.",
            "summary": "Info",
            "position": "bottom-middle"
          }
        }
      ]
    },
    "buttonAction6": {
      "chains": [
        {
          "chain": "FireCustomNotificationActionChain",
          "parameters": {
            "message": "Incorrect code may impact your website’s performance.",
            "summary": "Info",
            "position": "bottom-right"
          }
        }
      ]
    },
    "buttonAction7": {
      "chains": [
        {
          "chain": "FireCustomNotificationActionChain",
          "parameters": {
            "notification_type": "info",
            "summary": "Info",
            "message": "Incorrect code may impact your website's performance"
          }
        }
      ]
    },
    "buttonAction8": {
      "chains": [
        {
          "chain": "FireCustomNotificationActionChain",
          "parameters": {
            "notification_type": "success",
            "summary": "Success",
            "message": "Successfully uploaded!"
          }
        }
      ]
    },
    "buttonAction9": {
      "chains": [
        {
          "chain": "FireCustomNotificationActionChain",
          "parameters": {
            "notification_type": "warning",
            "summary": "Warning",
            "message": "Your password strength is too low"
          }
        }
      ]
    },
    "ojSpWp1SpPrimaryAction": {
      "chains": [
        {
          "chain": "WelcomePageTemplateSpPrimaryActionChain"
        }
      ]
    },
    "ojSpWp1SpSecondaryAction": {
      "chains": [
        {
          "chain": "WelcomePageTemplateSpSecondaryActionChain",
          "parameters": {
            "actionId": "{{$event.detail.secondaryItem}}"
          }
        }
      ]
    }
  },
  "imports": {
    "components": {
      "oj-button": {
        "path": "ojs/ojbutton"
      },
      "oj-sp-section": {
        "path": "oj-sp/section/loader"
      },
      "oj-sp-welcome-page": {
        "path": "oj-sp/welcome-page/loader"
      }
    }
  }
}
